onehour,night
5.3499999,.64999998
12.38,1.67
8.1400003,2.5799999
17.42,4.0900002
26.200001,16.08
2.23,1.78
4.2800002,1.51
6.8299999,4.0500002
6.3299999,3.3099999
5.8000002,3.77
11.75,5.8400002
2.99,1.65
8.0699997,3.27
3.7,1.3099999
8.6800003,2.26
